FIPS,MSANameFull,Population,City,State,geoLat,geoLng,Highway,Spur
24780,"Greenville, NC",192678,Greenville,NC,35.612661,-77.3663538,9001,1064
1,Junction,0,Junction,NC,35.833402,-77.372804,"1064,9001",
16700,"Charleston-North Charleston-Summerville, SC",682124,Charleston,SC,32.7765656,-79.9309216,9002,95
2,Junction,0,Junction,SC,33.316758,-80.547123,"9002,95",
35980,"Norwich-New London, CT",273503,Norwich,CT,41.5242649,-72.0759105,9004,95
3,Junction,0,Junction,CT,41.375778,-72.19275,"9004,95",
49420,"Yakima, WA",247129,Yakima,WA,46.6020711,-120.5058987,"9005,82",90
4,Junction,0,Junction,WA,46.969008,-120.506716,"90,9005",
17980,"Columbus, GA-AL",301441,Columbus,GA,32.4609764,-84.9877094,9006,85
5,Junction,0,Junction,GA,32.641688,-85.352998,"85,9006",
34900,"Napa, CA",138097,Napa,CA,38.2975381,-122.286865,1029,
12100,"Atlantic City-Hammonton, NJ",274343,Atlantic City,NJ,39.3642834,-74.4229266,76,
7,Junction,0,Junction,NJ,40.218733,-76.083466,"222,76",
26620,"Huntsville, AL",425476,Huntsville,AL,34.7303688,-86.5861037,9010,65
8,Junction,0,Junction,AL,34.627558,-86.901276,"65,9010",
21780,"Evansville, IN-KY",359889,Evansville,IN,37.9715592,-87.5710898,1069,
9,Junction,0,Junction,IN,38.169114,-87.469819,"64,1069",
22660,"Fort Collins-Loveland, CO",305541,Fort Collins,CO,40.5852602,-105.084423,25,
24540,"Greeley, CO",258652,Greeley,CO,40.4233142,-104.7091322,34,25
11,Junction,0,Junction,CO,40.406699,-104.993012,34,
14500,"Boulder, CO",299383,Boulder,CO,40.0149856,-105.2705456,9014,25
12,Junction,0,Junction,CO,40.159984,-104.979279,"25,9014",
39140,"Prescott, AZ",211886,Prescott,AZ,34.5400242,-112.4685025,9016,17
13,Junction,0,Junction,AZ,34.32756,-112.121186,"17,9016",
23420,"Fresno, CA",942937,Fresno,CA,36.7468422,-119.7725868,99,5
14,Junction,0,Junction,CA,37.055177,-120.9693,"5,9018",
12540,"Bakersfield-Delano, CA",851715,Bakersfield,CA,35.3732921,-119.0187125,"9020,99",5
15,Junction,0,Junction,CA,35.396887,-119.396882,"5,9020",
47300,"Visalia-Porterville-Hanford-Corcoran, CA",603021,Visalia,CA,36.3302284,-119.2920585,"9022,99",5
16,Junction,0,Junction,CA,36.252026,-120.242829,"5,9022",
33700,"Modesto, CA",518549,Modesto,CA,37.6390972,-120.9968782,99,5
17,Junction,0,Junction,CA,37.78781,-121.302506,"5,580,99",
32900,"Merced, CA",259888,Merced,CA,37.3021632,-120.4829677,"9026,99",5
18,Junction,0,Junction,CA,37.245635,-121.088777,"5,9026",
17020,"Chico, CA",220273,Chico,CA,39.7284944,-121.8374777,9028,5
19,Junction,0,Junction,CA,39.75049,-122.205445,"5,9028",
31460,"Madera-Chowchilla, CA",152931,Madera,CA,36.9613356,-120.0607176,"99,9018",5
20,Junction,0,Junction,CA,35.017626,-118.956056,"5,99",
35300,"New Haven-Milford, CT",861128,New Haven,CT,41.308274,-72.9278835,"95,91",
22180,"Fayetteville, NC",374156,Fayetteville,NC,35.0526641,-78.8783585,"95,87",
35620,"New York-Northern New Jersey-Long Island, NY-NJ-PA",19015911,New York,NY,40.7143528,-74.0059731,"95,78,1087",
33100,"Miami-Fort Lauderdale-Pompano Beach, FL",5670057,Miami,FL,25.7889689,-80.2264393,"95,75",
40060,"Richmond, VA",1269367,Richmond,VA,37.5407246,-77.4360481,"95,64",
19660,"Deltona-Daytona Beach-Ormond Beach, FL",494805,Daytona Beach,FL,29.2,-81.0333,"95,4",
40580,"Rocky Mount, NC",152155,Rocky Mount,NC,35.9382103,-77.7905339,"95,1064",
19820,"Detroit-Warren-Livonia, MI",4285812,Detroit,MI,42.331427,-83.0457538,"94,75,1096",
16980,"Chicago-Joliet-Naperville, IL-IN-WI",9504837,Chicago,IL,41.8781136,-87.6297982,"94,55,80,1065",
33340,"Milwaukee-Waukesha-West Allis, WI",1562220,Milwaukee,WI,43.0389025,-87.9064736,"94,41",
31540,"Madison, WI",576460,Madison,WI,43.0730517,-89.4012302,"94,39",
22020,"Fargo, ND-MN",212170,Fargo,ND,46.8771863,-96.7898034,"94,29",
40340,"Rochester, MN",187623,Rochester,MN,44.0234,-92.46295,"90,94",
13740,"Billings, MT",160104,Billings,MT,45.7832856,-108.5006904,"90,94",
48900,"Wilmington, NC",369680,Wilmington,NC,34.2257255,-77.9447102,"87,1017",
49620,"York-Hanover, PA",436755,York,PA,39.9625984,-76.727745,"83,30",
28700,"Kingsport-Bristol-Bristol, TN-VA",309802,Kingsport,TN,36.548434,-82.5618186,"81,23",
41620,"Salt Lake City, UT",1145904,Salt Lake City,UT,40.7607793,-111.8910474,"80,70",
19340,"Davenport-Moline-Rock Island, IA-IL",381329,Davenport,IA,41.5236437,-90.5776367,"80,55",
16940,"Cheyenne, WY",92690,Cheyenne,WY,41.1399814,-104.8202462,"80,25",
46700,"Vallejo-Fairfield, CA",416486,Vallejo,CA,38.1040864,-122.2566367,"80,1029",
16740,"Charlotte-Gastonia-Rock Hill, NC-SC",1795479,Charlotte,NC,35.2270869,-80.8431267,"77,85",
37980,"Philadelphia-Camden-Wilmington, PA-NJ-DE-MD",5992441,Philadelphia,PA,39.952335,-75.163789,"76,95",
25420,"Harrisburg-Carlisle, PA",552918,Harrisburg,PA,40.2737002,-76.8844179,"76,83,1081,78",
10420,"Akron, OH",701472,Akron,OH,41.0814447,-81.5190053,"76,1077",
30460,"Lexington-Fayette, KY",479236,Lexington,KY,38.0405837,-84.5037164,"75,64",
28940,"Knoxville, TN",704507,Knoxville,TN,35.9606384,-83.9207392,"75,40,81",
16860,"Chattanooga, TN-GA",533382,Chattanooga,TN,35.0456297,-85.3096801,"75,24",
12580,"Baltimore-Towson, MD",2729107,Baltimore,MD,39.2903848,-76.6121893,"70,95,83",
38300,"Pittsburgh, PA",2359763,Pittsburgh,PA,40.4406248,-79.9958864,"70,76",
19380,`,845384,Dayton,OH,39.7589478,-84.1916069,"70,75",
26900,"Indianapolis-Carmel, IN",1778570,Indianapolis,IN,39.768403,-86.158068,"70,72,1069,1065",
41180,"St. Louis, MO-IL",2817358,St. Louis,MO,38.6270025,-90.1994042,"70,55,44,64",
45820,"Topeka, KS",234655,Topeka,KS,39.0558235,-95.6890185,"70,35",
28140,"Kansas City, MO-KS",2052677,Kansas City,MO,39.0997265,-94.5785667,"70,29",
19740,"Denver-Aurora-Broomfield, CO",2599506,Denver,CO,39.737567,-104.9847179,"70,25",
15180,"Brownsville-Harlingen, TX",414124,Brownsville,TX,25.9017472,-97.4974838,"69,2",
33860,"Montgomery, AL",378620,Montgomery,AL,32.3668052,-86.2999689,"65,85",
16820,"Charlottesville, VA",203871,Charlottesville,VA,38.0293059,-78.4766781,"64,81",
44700,"Stockton, CA",696218,Stockton,CA,37.9577016,-121.2907796,5,
88885,"Guadalajara, Mexico",4424252,Guadalajara,Mexico,20.6667,-103.3503,"57,1015",
44100,"Springfield, IL",211548,Springfield,IL,39.7817213,-89.6501481,"55,72",
32820,"Memphis, TN-MS-AR",1325611,Memphis,TN,35.1495343,-90.0489801,"55,40",
27140,"Jackson, MS",545381,Jackson,MS,32.2987573,-90.1848103,"55,20",
42660,"Seattle-Tacoma-Bellevue, WA",3500025,Seattle,WA,47.6062095,-122.3320708,"5,90,16",
38900,"Portland-Vancouver-Hillsboro, OR-WA",2262590,Portland,OR,45.5234515,-122.6762071,"5,84",
41740,"San Diego-Carlsbad-San Marcos, CA",3140088,San Diego,CA,32.7153292,-117.1572551,"5,8",
18700,"Corvallis, OR",85928,Corvallis,OR,44.5645659,-123.2620435,"5,22",
27900,"Joplin, MO",176842,Joplin,MO,37.0842271,-94.513281,"44,49",
15380,"Buffalo-Niagara Falls, NY",1134035,Buffalo,NY,42.8864468,-78.8783689,"405,1090",
25860,"Hickory-Lenoir-Morganton, NC",364565,Hickory,NC,35.7331878,-81.3411974,"40,77",
34980,"Nashville-Davidson-Murfreesboro-Franklin, TN",1617132,Nashville,TN,36.1666667,-86.7833333,"40,65,24,1069",
22900,"Fort Smith, AR-OK",300078,Fort Smith,AR,35.3859242,-94.3985475,"40,49",
11100,"Amarillo, TX",253815,Amarillo,TX,35.2219971,-101.8312969,"40,27",
10740,"Albuquerque, NM",898638,Albuquerque,NM,35.110703,-106.609991,"40,25",
11700,"Asheville, NC",429016,Asheville,NC,35.5950581,-82.5514869,"40,23",
39580,"Raleigh-Cary, NC",1163510,Raleigh,NC,35.7795897,-78.6381787,"40,1064",
45300,"Tampa-St. Petersburg-Clearwater, FL",2824759,Tampa,FL,27.950575,-82.4571776,"4,75",
39900,"Reno-Sparks, NV",429604,Reno,NV,39.5296329,-119.8138027,"395,80",
40420,"Rockford, IL",348355,Rockford,IL,42.2711311,-89.0939952,"39,1090",
26980,"Iowa City, IA",154884,Iowa City,IA,41.6611277,-91.5301683,"380,80",
18580,"Corpus Christi, TX",431379,Corpus Christi,TX,27.8005828,-97.396381,"37,69",
47380,"Waco, TX",238562,Waco,TX,31.549333,-97.1466695,"35,6",
19100,"Dallas-Fort Worth-Arlington, TX",6526506,Dallas,TX,32.7801399,-96.8004511,"35,45,20",
36420,"Oklahoma City, OK",1278041,Oklahoma City,OK,35.4675602,-97.5164276,"35,44,40",
29700,"Laredo, TX",256510,Laredo,TX,27.506407,-99.5075421,"35,2",
88884,"San Luis Potosi, Mexico",2638693,San Luis Potosi,Mexico,22.6033,-100.4297,"35,1025,57",
88886,"Mexico City, Mexico",8851080,Mexico City,Mexico,19,-102.3667,"35,1015",
43620,"Sioux Falls, SD",232431,Sioux Falls,SD,43.5499749,-96.700327,"29,90",
36540,"Omaha-Council Bluffs, NE-IA",877116,Omaha,NE,41.2523634,-95.9979883,"29,80",
10900,"Allentown-Bethlehem-Easton, PA-NJ",824930,Allentown,PA,40.6084305,-75.4901833,"222,78",
29540,"Lancaster, PA",523609,Lancaster,PA,40.0378755,-76.3055144,"222,30",
22500,"Florence, SC",206172,Florence,SC,34.1954331,-79.7625625,"20,95",
17900,"Columbia, SC",777122,Columbia,SC,34.0007104,-81.0348144,"20,77",
12060,"Atlanta-Sandy Springs-Marietta, GA",5359216,Atlanta,GA,33.7489954,-84.3879824,"20,75,85,1078",
13820,"Birmingham-Hoover, AL",1132242,Birmingham,AL,33.5206608,-86.80249,"20,65",
22380,"Flagstaff, AZ",134508,Flagstaff,AZ,35.2013516,-111.639249,"17,40",
38060,"Phoenix-Mesa-Glendale, AZ",4263194,Phoenix,AZ,33.4483771,-112.0740373,"17,10",
35600,"Helena-Butte, MT",109802,Helena,MT,46.598624,-112.0271,"15,90",
39340,"Provo-Orem, UT",540827,Provo,UT,40.2338438,-111.6585337,"15,70",
40140,"Riverside-San Bernardino-Ontario, CA",4305086,Riverside,CA,33.9533487,-117.3961564,"15,10",
14460,"Boston-Cambridge-Quincy, MA-NH",4591115,Boston,MA,42.3584308,-71.0597732,"1090,95,3,89",
33140,"Michigan City-La Porte, IN",111357,Michigan City,IN,41.7075394,-86.8950297,"1090,94,1096",
44140,"Springfield, MA",693211,Springfield,MA,42.1014831,-72.589811,"1090,91",
45780,"Toledo, OH",650269,Toledo,OH,41.6639383,-83.555212,"1090,75",
10580,"Albany-Schenectady-Troy, NY",871473,Albany,NY,42.6525793,-73.7562317,"1090,1087",
45060,"Syracuse, NY",662540,Syracuse,NY,43.0481221,-76.1474244,"1090,1081",
17460,"Cleveland-Elyria-Mentor, OH",2068264,Cleveland,OH,41.4994954,-81.6954088,"1090,1077",
21140,"Elkhart-Goshen, IN",198950,Elkhart,IN,41.6819935,-85.9766671,"1090,1069",
99996,"Montreal, Canada",3824221,Montreal,Canada,45.5,-73.5667,"1087,89",
33460,"Minneapolis-St. Paul-Bloomington, MN-WI",3318490,Minneapolis,MN,44.983334,-93.26667,"1035,94",
41860,"San Francisco-Oakland-Fremont, CA",4391017,San Francisco,CA,37.7749295,-122.4194155,"101,80,580",
27260,"Jacksonville, FL",1360230,Jacksonville,FL,30.3321838,-81.655651,"10,95",
46060,"Tucson, AZ",989561,Tucson,AZ,32.2217429,-110.926479,"10,8",
37775,"Lake City, FL",67531,Lake City,FL,30.1833,-82.6333,"10,75",
33660,"Mobile, AL",412585,Mobile,AL,30.6943566,-88.0430541,"10,65",
35380,"New Orleans-Metairie-Kenner, LA",1191095,New Orleans,LA,29.9510658,-90.0715323,"10,55",
31100,"Los Angeles-Long Beach-Santa Ana, CA",12944711,Los Angeles,CA,34.0522342,-118.2436849,"10,5,101,40",
26420,"Houston-Sugar Land-Baytown, TX",6086580,Houston,TX,29.7601927,-95.3693896,"10,45,6",
41700,"San Antonio-New Braunfels, TX",2194900,San Antonio,TX,29.4241219,-98.4936282,"10,35,37",
29740,"Las Cruces, NM",213605,Las Cruces,NM,32.3199396,-106.7636538,"10,25",
21340,"El Paso, TX",820797,El Paso,TX,31.7587198,-106.4869314,"10,1025",
24340,"Grand Rapids-Wyoming, MI",779593,Grand Rapids,MI,42.9633599,-85.6680863,1096,
29620,"Lansing-East Lansing, MI",465152,Lansing,MI,42.732535,-84.5555347,1096,
26100,"Holland-Grand Haven, MI",266296,Holland,MI,42.7875235,-86.1089301,1096,
40380,"Rochester, NY",1055298,Rochester,NY,43.16103,-77.6109219,1090,
49340,"Worcester, MA",801230,Worcester,MA,42.2625932,-71.8022934,1090,
43780,"South Bend-Mishawaka, IN-MI",318701,South Bend,IN,41.6763545,-86.2519898,1090,
46540,"Utica-Rome, NY",298462,Utica,NY,43.100903,-75.232664,1090,
21500,"Erie, PA",280999,Erie,PA,42.1292241,-80.085059,1090,
41780,"Sandusky, OH",76755,Sandusky,OH,41.4489396,-82.7079605,1090,
39100,"Poughkeepsie-Newburgh-Middletown, NY",672889,Poughkeepsie,NY,41.7003713,-73.9209701,1087,
28740,"Kingston, NY",182458,Kingston,NY,41.9270367,-73.9973608,1087,
24020,"Glens Falls, NY",129009,Glens Falls,NY,43.3095164,-73.6440058,1087,
42540,"Scranton-Wilkes-Barre, PA",563233,Scranton,PA,41.408969,-75.6624122,1081,
13780,"Binghamton, NY",250065,Binghamton,NY,42.0986867,-75.9179738,1081,
12020,"Athens-Clarke County, GA",193317,Athens,GA,33.95,-83.3833333,1078,
15940,"Canton-Massillon, OH",403881,Canton,OH,40.7989473,-81.378447,1077,
23060,"Fort Wayne, IN",419454,Fort Wayne,IN,41.079273,-85.1393513,1069,
17300,"Clarksville, TN-KY",277688,Clarksville,TN,36.5297706,-87.3594528,1069,
14020,"Bloomington, IN",194212,Bloomington,IN,39.165325,-86.5263857,1069,
29140,"Lafayette, IN",203599,Lafayette,IN,40.4167022,-86.8752869,1065,
20260,"Duluth, MN-WI",279819,Duluth,MN,46.7866719,-92.1004852,1035,
88883,"Torreon, Mexico",1215993,Torreon,Mexico,25.5394,-103.4486,1025,
88881,"Chihuahua, Mexico",841490,Chihuahua,Mexico,28.6353,-106.0889,1025,
27340,"Jacksonville, NC",179727,Jacksonville,NC,34.7540524,-77.4302414,1017,
99995,"Toronto, Canada",5583064,Toronto,Canada,43.7,-79.4,405,
16300,"Cedar Rapids, IA",260566,Cedar Rapids,IA,41.9778795,-91.6656232,380,
39740,"Reading, PA",412795,Reading,PA,40.3356483,-75.9268747,222,
41940,"San Jose-Sunnyvale-Santa Clara, CA",1865436,San Jose,CA,37.3393857,-121.8949555,101,
37100,"Oxnard-Thousand Oaks-Ventura, CA",831786,Oxnard,CA,34.1975048,-119.1770516,101,
42220,"Santa Rosa-Petaluma, CA",488128,Santa Rosa,CA,38.4404674,-122.7144314,101,
42060,"Santa Barbara-Santa Maria-Goleta, CA",426872,Santa Barbara,CA,34.4208305,-119.6981901,101,
41500,"Salinas, CA",421894,Salinas,CA,36.6777372,-121.6555013,101,
42020,"San Luis Obispo-Paso Robles, CA",271985,San Luis Obispo,CA,35.2827524,-120.6596156,101,
42100,"Santa Cruz-Watsonville, CA",264291,Santa Cruz,CA,36.9741171,-122.0307963,101,
47900,"Washington-Arlington-Alexandria, DC-VA-MD-WV",5703922,Washington,DC,38.9072309,-77.0364641,95,
39300,"Providence-New Bedford-Fall River, RI-MA",1600227,Providence,RI,41.8239891,-71.4128343,95,
14860,"Bridgeport-Stamford-Norwalk, CT",925898,Bridgeport,CT,41.1865478,-73.1951767,95,
37340,"Palm Bay-Melbourne-Titusville, FL",543566,Palm Bay,FL,28.0344621,-80.5886646,95,
38860,"Portland-South Portland-Biddeford, ME",515818,Portland,ME,43.661471,-70.2553259,95,
38940,"Port St. Lucie, FL",427879,Port St. Lucie,FL,27.2758333,-80.355,95,
45940,"Trenton-Ewing, NJ",367059,Trenton,NJ,40.2170534,-74.7429384,95,
42340,"Savannah, GA",355561,Savannah,GA,32.0835407,-81.0998342,95,
12620,"Bangor, ME",153773,Bangor,ME,44.8011821,-68.7778138,95,
42680,"Sebastian-Vero Beach, FL",138906,Sebastian,FL,27.816415,-80.4706078,95,
15260,"Brunswick, GA",112941,Brunswick,GA,31.1499528,-81.4914894,95,
30340,"Lewiston-Auburn, ME",107389,Lewiston,ME,44.100351,-70.2147764,95,
37380,"Palm Coast, FL",97339,Palm Coast,FL,29.5849736,-81.2078411,95,
11460,"Ann Arbor, MI",347972,Ann Arbor,MI,42.2808256,-83.7430378,94,
28020,"Kalamazoo-Portage, MI",328210,Kalamazoo,MI,42.2917069,-85.5872286,94,
39540,"Racine, WI",195401,Racine,WI,42.7261309,-87.7828523,94,
41060,"St. Cloud, MN",190017,St. Cloud,MN,45.5579451,-94.1632404,94,
27100,"Jackson, MI",159760,Jackson,MI,42.245869,-84.4013462,94,
12980,"Battle Creek, MI",135490,Battle Creek,MI,42.3211522,-85.1797142,94,
29100,"La Crosse, WI-MN",134496,La Crosse,WI,43.8013556,-91.2395807,94,
13900,"Bismarck, ND",110890,Bismarck,ND,46.8083268,-100.7837392,94,
25540,"Hartford-West Hartford-East Hartford, CT",1213242,Hartford,CT,41.7637111,-72.6850932,91,
44060,"Spokane, WA",473755,Spokane,WA,47.6587802,-117.4260466,90,
17660,"Coeur d'Alene, ID",141132,Coeur d'Alene,ID,47.6776832,-116.7804664,90,
39660,"Rapid City, SD",128375,Rapid City,SD,44.0805434,-103.2310149,90,
33540,"Missoula, MT",110145,Missoula,MT,46.8605189,-114.019501,90,
31700,"Manchester-Nashua, NH",401700,Manchester,NH,42.9956397,-71.4547891,89,
15540,"Burlington-South Burlington, VT",212532,Burlington,VT,44.4758825,-73.212072,89,
24860,"Greenville-Mauldin-Easley, SC",647382,Greenville,SC,34.8526176,-82.3940104,85,
43900,"Spartanburg, SC",286862,Spartanburg,SC,34.9495672,-81.9320482,85,
11340,"Anderson, SC",188487,Anderson,SC,34.5034394,-82.6501332,85,
23580,"Gainesville, GA",183058,Gainesville,GA,34.2978794,-83.8240663,85,
14260,"Boise City-Nampa, ID",627660,Boise City,ID,43.6187102,-116.2146068,84,
28420,"Kennewick-Pasco-Richland, WA",264122,Kennewick,WA,46.2112458,-119.1372338,82,
40220,"Roanoke, VA",308844,Roanoke,VA,37.2709704,-79.9414266,81,
31340,"Lynchburg, VA",254176,Lynchburg,VA,37.4137536,-79.1422464,81,
13980,"Blacksburg-Christiansburg-Radford, VA",162473,Blacksburg,VA,37.2295733,-80.4139393,81,
34100,"Morristown, TN",137498,Morristown,TN,36.2139814,-83.2948922,81,
40900,"Sacramento-Arden-Arcade-Roseville, CA",2176196,Sacramento,CA,38.5815719,-121.4943996,80,
19780,"Des Moines-West Des Moines, IA",580255,Des Moines,IA,41.6005448,-93.6091064,80,
30700,"Lincoln, NE",306507,Lincoln,NE,40.806862,-96.681679,80,
49660,"Youngstown-Warren-Boardman, OH-PA",562720,Youngstown,OH,41.0997803,-80.6495194,76,
17140,"Cincinnati-Middletown, OH-KY-IN",2138004,Cincinnati,OH,39.1031182,-84.5120196,75,
35840,"North Port-Bradenton-Sarasota, FL",709362,North Port,FL,27.044224,-82.2359254,75,
15980,"Cape Coral-Fort Myers, FL",631319,Cape Coral,FL,26.5628537,-81.9495331,75,
22420,"Flint, MI",422099,Flint,MI,43.0125274,-83.6874562,75,
36100,"Ocala, FL",332521,Ocala,FL,29.1871986,-82.1400923,75,
34940,"Naples-Marco Island, FL",328130,Naples,FL,26.1420358,-81.7948103,75,
23540,"Gainesville, FL",266383,Gainesville,FL,29.6516344,-82.3248262,75,
31420,"Macon, GA",232926,Macon,GA,32.8406946,-83.6324022,75,
40980,"Saginaw-Saginaw Township North, MI",199103,Saginaw,MI,43.4194699,-83.9508068,75,
39460,"Punta Gorda, FL",160491,Punta Gorda,FL,26.9297836,-82.0453664,75,
47580,"Warner Robins, GA",143916,Warner Robins,GA,32.6086111,-83.6380556,75,
19140,"Dalton, GA",142746,Dalton,GA,34.7698021,-84.9702228,75,
46660,"Valdosta, GA",142297,Valdosta,GA,30.8327022,-83.2784851,75,
17420,"Cleveland, TN",116822,Cleveland,TN,35.1595182,-84.8766115,75,
13020,"Bay City, MI",107126,Bay City,MI,43.5944677,-83.8888647,75,
30620,"Lima, OH",106094,Lima,OH,40.742551,-84.1052256,75,
16580,"Champaign-Urbana, IL",232345,Champaign,IL,40.1164204,-88.2433829,72,
19500,"Decatur, IL",110735,Decatur,IL,39.8403147,-88.9548001,72,
19180,"Danville, IL",81504,Danville,IL,40.124481,-87.6300207,72,
18140,"Columbus, OH",1858459,Columbus,OH,39.9611755,-82.9987942,70,
25180,"Hagerstown-Martinsburg, MD-WV",271486,Hagerstown,MD,39.6417629,-77.7199932,70,
17860,"Columbia, MO",175831,Columbia,MO,38.9517053,-92.3340724,70,
45460,"Terre Haute, IN",172659,Terre Haute,IN,39.4667034,-87.4139092,70,
48540,"Wheeling, WV-OH",147193,Wheeling,WV,40.0639616,-80.7209149,70,
24300,"Grand Junction, CO",147087,Grand Junction,CO,39.0638705,-108.5506486,70,
44220,"Springfield, OH",137676,Springfield,OH,39.9242266,-83.8088171,70,
34060,"Morgantown, WV",132258,Morgantown,WV,39.629526,-79.9558968,70,
31740,"Manhattan, KS",130246,Manhattan,KS,39.1836082,-96.5716694,70,
29940,"Lawrence, KS",112227,Lawrence,KS,38.9716689,-95.2352501,70,
19460,"Decatur, AL",154059,Decatur,AL,34.6059253,-86.9833417,65,
47260,"Virginia Beach-Norfolk-Newport News, VA-NC",1679892,Virginia Beach,VA,36.8529263,-75.977985,64,
31140,"Louisville-Jefferson County, KY-IN",1294864,Louisville,KY,38.2526647,-85.7584557,64,
16620,"Charleston, WV",303664,Charleston,WV,38.3498195,-81.6326234,64,
26580,"Huntington-Ashland, WV-KY-OH",287582,Huntington,WV,38.4192496,-82.445154,64,
37900,"Peoria, IL",379563,Peoria,IL,40.6936488,-89.5889864,55,
26380,"Houma-Bayou Cane-Thibodaux, LA",208585,Houma,LA,29.5957696,-90.7195348,55,
14060,"Bloomington-Normal, IL",170548,Bloomington,IL,40.4842027,-88.9936873,55,
16020,"Cape Girardeau-Jackson, MO-IL",97021,Cape Girardeau,MO,37.3058839,-89.5181476,55,
22220,"Fayetteville-Springdale-Rogers, AR-MO",473819,Fayetteville,AR,36.0625795,-94.1574263,49,
46140,"Tulsa, OK",946954,Tulsa,OK,36.1539816,-95.992775,44,
44180,"Springfield, MO",440143,Springfield,MO,37.2089572,-93.2922989,44,
24580,"Green Bay, WI",309471,Green Bay,WI,44.519159,-88.019826,41,
11540,"Appleton, WI",227400,Appleton,WI,44.2619309,-88.4153847,41,
36780,"Oshkosh-Neenah, WI",167701,Oshkosh,WI,44.0247062,-88.5426136,41,
22540,"Fond du Lac, WI",102065,Fond du Lac,WI,43.7730448,-88.4470508,41,
24660,"Greensboro-High Point, NC",730956,Greensboro,NC,36.0726354,-79.7919754,40,
30780,"Little Rock-North Little Rock-Conway, AR",709892,Little Rock,AR,34.7464809,-92.2895948,40,
20500,"Durham-Chapel Hill, NC",512980,Durham,NC,35.9940329,-78.898619,40,
49180,"Winston-Salem, NC",482020,Winston,NC,36.1039642,-80.254435,40,
29420,"Lake Havasu City-Kingman, AZ",202342,Lake Havasu City,AZ,34.483901,-114.3224548,40,
15500,"Burlington, NC",153278,Burlington,NC,36.0956918,-79.4377991,40,
27180,"Jackson, TN",115401,Jackson,TN,35.6145169,-88.8139469,40,
27500,"Janesville, WI",160099,Janesville,WI,42.6827885,-89.0187222,39,
88882,"Monterrey, Mexico",4080329,Monterrey,Mexico,25.6667,-100.3,35,
12420,"Austin-Round Rock-San Marcos, TX",1783519,Austin,TX,30.267153,-97.7430608,35,
48620,"Wichita, KS",625540,Wichita,KS,37.6888889,-97.3361111,35,
28660,"Killeen-Temple-Fort Hood, TX",411583,Killeen,TX,31.1171194,-97.7277959,35,
99994,"Winnipeg, Canada",730018,Winnipeg,Canada,49.8994,-97.1392,29,
41140,"St. Joseph, MO-KS",127576,St. Joseph,MO,39.757944,-94.836541,29,
24220,"Grand Forks, ND-MN",98053,Grand Forks,ND,47.9252568,-97.0328547,29,
31180,"Lubbock, TX",290011,Lubbock,TX,33.5778631,-101.8551665,27,
17820,"Colorado Springs, CO",660323,Colorado Springs,CO,38.8338816,-104.8213634,25,
39380,"Pueblo, CO",160559,Pueblo,CO,38.2544472,-104.6091409,25,
42140,"Santa Fe, NM",145646,Santa Fe,NM,35.6869752,-105.937799,25,
27740,"Johnson City, TN",199825,Johnson City,TN,36.3134397,-82.3534727,23,
13460,"Bend, OR",160330,Bend,OR,44.0581728,-121.3153096,22,
12260,"Augusta-Richmond County, GA-SC",561861,Augusta,GA,33.4734978,-82.0105148,20,
43340,"Shreveport-Bossier City, LA",403598,Shreveport,LA,32.5251516,-93.7501789,20,
34820,"Myrtle Beach-North Myrtle Beach-Conway, SC",276347,Myrtle Beach,SC,33.6890603,-78.8866943,20,
46220,"Tuscaloosa, AL",221545,Tuscaloosa,AL,33.2098407,-87.5691735,20,
30980,"Longview, TX",216659,Longview,TX,32.5007037,-94.7404891,20,
46340,"Tyler, TX",213371,Tyler,TX,32.3512601,-95.3010624,20,
33740,"Monroe, LA",177638,Monroe,LA,32.5093109,-92.1193012,20,
11500,"Anniston-Oxford, AL",117790,Anniston,AL,33.6598257,-85.8316318,20,
14740,"Bremerton-Silverdale, WA",254626,Bremerton,WA,47.5673202,-122.6329356,16,
29820,"Las Vegas-Paradise, NV",1969964,Las Vegas,NV,36.114646,-115.172816,15,
99993,"Calgary, Canada",1214839,Calgary,Canada,51.05,-114.0667,15,
99992,"Edmonton, Canada",1159869,Edmonton,Canada,53.5333,-113.5,15,
36260,"Ogden-Clearfield, UT",555923,Ogden,UT,41.223,-111.9738304,15,
41100,"St. George, UT",141662,St. George,UT,37.0952778,-113.5780556,15,
26820,"Idaho Falls, ID",132063,Idaho Falls,ID,43.4916514,-112.0339645,15,
38540,"Pocatello, ID",91473,Pocatello,ID,42.8713032,-112.4455344,15,
24500,"Great Falls, MT",81822,Great Falls,MT,47.50806,-111.295197,15,
12940,"Baton Rouge, LA",808245,Baton Rouge,LA,30.4582829,-91.1403196,10,
37860,"Pensacola-Ferry Pass-Brent, FL",453203,Pensacola,FL,30.421309,-87.2169149,10,
13140,"Beaumont-Port Arthur, TX",390524,Beaumont,TX,30.080174,-94.1265562,10,
45220,"Tallahassee, FL",369749,Tallahassee,FL,30.4382559,-84.2807329,10,
29180,"Lafayette, LA",277304,Lafayette,LA,30.2240897,-92.0198427,10,
25060,"Gulfport-Biloxi, MS",253503,Gulfport,MS,30.3674198,-89.0928155,10,
29340,"Lake Charles, LA",200826,Lake Charles,LA,30.2265949,-93.2173758,10,
18880,"Crestview-Fort Walton Beach-Destin, FL",183493,Crestview,FL,30.7541808,-86.5727995,10,
37700,"Pascagoula, MS",162795,Pascagoula,MS,30.3657552,-88.5561272,10,
49740,"Yuma, AZ",200856,Yuma,AZ,32.6926512,-114.6276916,8,
20940,"El Centro, CA",177045,El Centro,CA,32.792,-115.5630514,8,
17780,"College Station-Bryan, TX",231630,College Station,TX,30.627977,-96.3344068,6,
99991,"Vancouver, Canada",2313328,Vancouver,Canada,49.25,-123.1,5,
41420,"Salem, OR",394862,Salem,OR,44.9428975,-123.0350963,5,
21660,"Eugene-Springfield, OR",353406,Eugene,OR,44.0520691,-123.0867536,5,
36500,"Olympia, WA",256583,Olympia,WA,47.0378741,-122.9006951,5,
32780,"Medford, OR",204823,Medford,OR,42.3265152,-122.8755949,5,
13380,"Bellingham, WA",203658,Bellingham,WA,48.7595529,-122.4882249,5,
39820,"Redding, CA",177791,Redding,CA,40.5865396,-122.3916754,5,
34580,"Mount Vernon-Anacortes, WA",118118,Mount Vernon,WA,48.421216,-122.3340474,5,
31020,"Longview, WA",102478,Longview,WA,46.1381676,-122.9381672,5,
36740,"Orlando-Kissimmee-Sanford, FL",2171346,Orlando,FL,28.5383355,-81.3792365,4,
29460,"Lakeland-Winter Haven, FL",609509,Lakeland,FL,28.0394654,-81.9498042,4,
12700,"Barnstable Town, MA",215760,Barnstable Town,MA,41.7,-70.3,3,
32580,"McAllen-Edinburg-Mission, TX",797785,McAllen,TX,26.2034071,-98.2300124,2,
