FIPS,MSANameFull,GDP,GDPPerCapita,Population,City,State,geoLat,geoLng,Highway,Spur
35620,"New York-Northern New Jersey-Long Island, NY-NJ-PA",1123460,59080,19015911,New York,NY,40.7143528,-74.0059731,"95,78,1087",
31100,"Los Angeles-Long Beach-Santa Ana, CA",663054,51222,12944711,Los Angeles,CA,34.0522342,-118.2436849,"10,5,101,40",
16980,"Chicago-Joliet-Naperville, IL-IN-WI",476487,50131,9504837,Chicago,IL,41.8781136,-87.6297982,"94,55,80,1065",
19100,"Dallas-Fort Worth-Arlington, TX",351002,53781,6526506,Dallas,TX,32.7801399,-96.8004511,"35,45,20",
26420,"Houston-Sugar Land-Baytown, TX",365560,60060,6086580,Houston,TX,29.7601927,-95.3693896,"10,45,6",
37980,"Philadelphia-Camden-Wilmington, PA-NJ-DE-MD",308377,51461,5992441,Philadelphia,PA,39.952335,-75.163789,"76,95",
47900,"Washington-Arlington-Alexandria, DC-VA-MD-WV",380714,66746,5703922,Washington,DC,38.9072309,-77.0364641,95,
33100,"Miami-Fort Lauderdale-Pompano Beach, FL",231361,40804,5670057,Miami,FL,25.7889689,-80.2264393,"95,75",
12060,"Atlanta-Sandy Springs-Marietta, GA",249509,46557,5359216,Atlanta,GA,33.7489954,-84.3879824,"20,75,85,1078",
14460,"Boston-Cambridge-Quincy, MA-NH",291017,63387,4591115,Boston,MA,42.3584308,-71.0597732,"1090,95,3,89",
41860,"San Francisco-Oakland-Fremont, CA",303371,69089,4391017,San Francisco,CA,37.7749295,-122.4194155,"101,80,580",
40140,"Riverside-San Bernardino-Ontario, CA",96675,22456,4305086,Riverside,CA,33.9533487,-117.3961564,"15,10",
19820,"Detroit-Warren-Livonia, MI",175774,41013,4285812,Detroit,MI,42.331427,-83.0457538,"94,75,1096",
38060,"Phoenix-Mesa-Glendale, AZ",173026,40586,4263194,Phoenix,AZ,33.4483771,-112.0740373,"17,10",
42660,"Seattle-Tacoma-Bellevue, WA",213393,60969,3500025,Seattle,WA,47.6062095,-122.3320708,"5,90,16",
33460,"Minneapolis-St. Paul-Bloomington, MN-WI",182059,54862,3318490,Minneapolis,MN,44.983334,-93.26667,"1035,94",
41740,"San Diego-Carlsbad-San Marcos, CA",152916,48698,3140088,San Diego,CA,32.7153292,-117.1572551,"5,8",
45300,"Tampa-St. Petersburg-Clearwater, FL",102454,36270,2824759,Tampa,FL,27.950575,-82.4571776,"4,75",
41180,"St. Louis, MO-IL",114072,40489,2817358,St. Louis,MO,38.6270025,-90.1994042,"70,55,44,64",
12580,"Baltimore-Towson, MD",129709,47528,2729107,Baltimore,MD,39.2903848,-76.6121893,"70,95,83",
19740,"Denver-Aurora-Broomfield, CO",144296,55509,2599506,Denver,CO,39.737567,-104.9847179,"70,25",
38300,"Pittsburgh, PA",101576,43045,2359763,Pittsburgh,PA,40.4406248,-79.9958864,"70,76",
38900,"Portland-Vancouver-Hillsboro, OR-WA",140896,62272,2262590,Portland,OR,45.5234515,-122.6762071,"5,84",
41700,"San Antonio-New Braunfels, TX",75397,34351,2194900,San Antonio,TX,29.4241219,-98.4936282,"10,35,37",
40900,"Sacramento-Arden-Arcade-Roseville, CA",82628,37969,2176196,Sacramento,CA,38.5815719,-121.4943996,80,
36740,"Orlando-Kissimmee-Sanford, FL",89948,41425,2171346,Orlando,FL,28.5383355,-81.3792365,4,
17140,"Cincinnati-Middletown, OH-KY-IN",88492,41390,2138004,Cincinnati,OH,39.1031182,-84.5120196,75,
17460,"Cleveland-Elyria-Mentor, OH",92681,44811,2068264,Cleveland,OH,41.4994954,-81.6954088,"1090,1077",
28140,"Kansas City, MO-KS",95470,46510,2052677,Kansas City,MO,39.0997265,-94.5785667,"70,29",
29820,"Las Vegas-Paradise, NV",81001,41118,1969964,Las Vegas,NV,36.114646,-115.172816,15,
41940,"San Jose-Sunnyvale-Santa Clara, CA",176446,94587,1865436,San Jose,CA,37.3393857,-121.8949555,101,
18140,"Columbus, OH",82313,44291,1858459,Columbus,OH,39.9611755,-82.9987942,70,
16740,"Charlotte-Gastonia-Rock Hill, NC-SC",103662,57735,1795479,Charlotte,NC,35.2270869,-80.8431267,"77,85",
12420,"Austin-Round Rock-San Marcos, TX",84842,47570,1783519,Austin,TX,30.267153,-97.7430608,35,
26900,"Indianapolis-Carmel, IN",89832,50508,1778570,Indianapolis,IN,39.768403,-86.158068,"70,72,1069,1065",
47260,"Virginia Beach-Norfolk-Newport News, VA-NC",70075,41714,1679892,Virginia Beach,VA,36.8529263,-75.977985,64,
34980,"Nashville-Davidson-Murfreesboro-Franklin, TN",75968,46977,1617132,Nashville,TN,36.1666667,-86.7833333,"40,65,24,1069",
39300,"Providence-New Bedford-Fall River, RI-MA",59338,37081,1600227,Providence,RI,41.8239891,-71.4128343,95,
33340,"Milwaukee-Waukesha-West Allis, WI",77283,49470,1562220,Milwaukee,WI,43.0389025,-87.9064736,"94,41",
27260,"Jacksonville, FL",52966,38939,1360230,Jacksonville,FL,30.3321838,-81.655651,"10,95",
32820,"Memphis, TN-MS-AR",55844,42127,1325611,Memphis,TN,35.1495343,-90.0489801,"55,40",
31140,"Louisville-Jefferson County, KY-IN",51634,39876,1294864,Louisville,KY,38.2526647,-85.7584557,64,
36420,"Oklahoma City, OK",53509,41868,1278041,Oklahoma City,OK,35.4675602,-97.5164276,"35,44,40",
40060,"Richmond, VA",57529,45321,1269367,Richmond,VA,37.5407246,-77.4360481,"95,64",
25540,"Hartford-West Hartford-East Hartford, CT",73258,60382,1213242,Hartford,CT,41.7637111,-72.6850932,91,
35380,"New Orleans-Metairie-Kenner, LA",66768,56056,1191095,New Orleans,LA,29.9510658,-90.0715323,"10,55",
39580,"Raleigh-Cary, NC",51903,44609,1163510,Raleigh,NC,35.7795897,-78.6381787,"40,1064",
41620,"Salt Lake City, UT",62595,54625,1145904,Salt Lake City,UT,40.7607793,-111.8910474,"80,70",
15380,"Buffalo-Niagara Falls, NY",39774,35073,1134035,Buffalo,NY,42.8864468,-78.8783689,"405,1090",
13820,"Birmingham-Hoover, AL",46200,40804,1132242,Birmingham,AL,33.5206608,-86.80249,"20,65",
40380,"Rochester, NY",40076,37976,1055298,Rochester,NY,43.16103,-77.6109219,1090,
46060,"Tucson, AZ",28060,28356,989561,Tucson,AZ,32.2217429,-110.926479,"10,8",
26180,"Honolulu, HI",44983,46682,963605,Honolulu,HI,21.3069444,-157.8583333,,
46140,"Tulsa, OK",40666,42944,946954,Tulsa,OK,36.1539816,-95.992775,44,
23420,"Fresno, CA",26621,28232,942937,Fresno,CA,36.7468422,-119.7725868,5,5
14860,"Bridgeport-Stamford-Norwalk, CT",74869,80861,925898,Bridgeport,CT,41.1865478,-73.1951767,95,
10740,"Albuquerque, NM",34842,38772,898638,Albuquerque,NM,35.110703,-106.609991,"40,25",
36540,"Omaha-Council Bluffs, NE-IA",42341,48273,877116,Omaha,NE,41.2523634,-95.9979883,"29,80",
10580,"Albany-Schenectady-Troy, NY",35299,40505,871473,Albany,NY,42.6525793,-73.7562317,"1090,1087",
35300,"New Haven-Milford, CT",34390,39936,861128,New Haven,CT,41.308274,-72.9278835,"95,91",
12540,"Bakersfield-Delano, CA",28265,33186,851715,Bakersfield,CA,35.3732921,-119.0187125,5,5
19380,`,29744,35184,845384,Dayton,OH,39.7589478,-84.1916069,"70,75",
37100,"Oxnard-Thousand Oaks-Ventura, CA",33684,40496,831786,Oxnard,CA,34.1975048,-119.1770516,101,
10900,"Allentown-Bethlehem-Easton, PA-NJ",26194,31753,824930,Allentown,PA,40.6084305,-75.4901833,"222,78",
21340,"El Paso, TX",24706,30100,820797,El Paso,TX,31.7587198,-106.4869314,10,
12940,"Baton Rouge, LA",37644,46575,808245,Baton Rouge,LA,30.4582829,-91.1403196,10,
49340,"Worcester, MA",26834,33491,801230,Worcester,MA,42.2625932,-71.8022934,1090,
32580,"McAllen-Edinburg-Mission, TX",13252,16611,797785,McAllen,TX,26.2034071,-98.2300124,2,
24340,"Grand Rapids-Wyoming, MI",29637,38016,779593,Grand Rapids,MI,42.9633599,-85.6680863,1096,
17900,"Columbia, SC",27765,35728,777122,Columbia,SC,34.0007104,-81.0348144,"20,77",
24660,"Greensboro-High Point, NC",30725,42034,730956,Greensboro,NC,36.0726354,-79.7919754,40,
30780,"Little Rock-North Little Rock-Conway, AR",29080,40964,709892,Little Rock,AR,34.7464809,-92.2895948,40,
35840,"North Port-Bradenton-Sarasota, FL",21056,29683,709362,North Port,FL,27.044224,-82.2359254,75,
28940,"Knoxville, TN",28994,41155,704507,Knoxville,TN,35.9606384,-83.9207392,"75,40,81",
10420,"Akron, OH",24259,34583,701472,Akron,OH,41.0814447,-81.5190053,"76,1077",
44700,"Stockton, CA",16861,24218,696218,Stockton,CA,37.9577016,-121.2907796,"580,5",
44140,"Springfield, MA",20135,29046,693211,Springfield,MA,42.1014831,-72.589811,"1090,91",
16700,"Charleston-North Charleston-Summerville, SC",25051,36725,682124,Charleston,SC,32.7765656,-79.9309216,95,95
39100,"Poughkeepsie-Newburgh-Middletown, NY",20223,30054,672889,Poughkeepsie,NY,41.7003713,-73.9209701,1087,
45060,"Syracuse, NY",23762,35865,662540,Syracuse,NY,43.0481221,-76.1474244,"1090,1081",
17820,"Colorado Springs, CO",23907,36205,660323,Colorado Springs,CO,38.8338816,-104.8213634,25,
45780,"Toledo, OH",23939,36814,650269,Toledo,OH,41.6639383,-83.555212,"1090,75",
24860,"Greenville-Mauldin-Easley, SC",23667,36558,647382,Greenville,SC,34.8526176,-82.3940104,85,
15980,"Cape Coral-Fort Myers, FL",17747,28111,631319,Cape Coral,FL,26.5628537,-81.9495331,75,
14260,"Boise City-Nampa, ID",25397,40463,627660,Boise City,ID,43.6187102,-116.2146068,84,
48620,"Wichita, KS",23875,38167,625540,Wichita,KS,37.6888889,-97.3361111,35,
29460,"Lakeland-Winter Haven, FL",14396,23619,609509,Lakeland,FL,28.0394654,-81.9498042,4,
19780,"Des Moines-West Des Moines, IA",35883,61840,580255,Des Moines,IA,41.6005448,-93.6091064,80,
31540,"Madison, WI",32163,55794,576460,Madison,WI,43.0730517,-89.4012302,"94,39",
42540,"Scranton-Wilkes-Barre, PA",17200,30538,563233,Scranton,PA,41.408969,-75.6624122,1081,
49660,"Youngstown-Warren-Boardman, OH-PA",14714,26148,562720,Youngstown,OH,41.0997803,-80.6495194,76,
12260,"Augusta-Richmond County, GA-SC",16980,30221,561861,Augusta,GA,33.4734978,-82.0105148,20,
36260,"Ogden-Clearfield, UT",16621,29898,555923,Ogden,UT,41.223,-111.9738304,15,
25420,"Harrisburg-Carlisle, PA",24784,44824,552918,Harrisburg,PA,40.2737002,-76.8844179,"76,83,1081,78",
27140,"Jackson, MS",21602,39609,545381,Jackson,MS,32.2987573,-90.1848103,"55,20",
37340,"Palm Bay-Melbourne-Titusville, FL",17324,31871,543566,Palm Bay,FL,28.0344621,-80.5886646,95,
39340,"Provo-Orem, UT",14247,26343,540827,Provo,UT,40.2338438,-111.6585337,"15,70",
16860,"Chattanooga, TN-GA",18990,35603,533382,Chattanooga,TN,35.0456297,-85.3096801,"75,24",
29540,"Lancaster, PA",17399,33229,523609,Lancaster,PA,40.0378755,-76.3055144,"222,30",
33700,"Modesto, CA",13181,25419,518549,Modesto,CA,37.6390972,-120.9968782,5,5
38860,"Portland-South Portland-Biddeford, ME",22713,44033,515818,Portland,ME,43.661471,-70.2553259,95,
20500,"Durham-Chapel Hill, NC",37407,72921,512980,Durham,NC,35.9940329,-78.898619,40,
19660,"Deltona-Daytona Beach-Ormond Beach, FL",10335,20887,494805,Daytona Beach,FL,29.2,-81.0333,"95,4",
42220,"Santa Rosa-Petaluma, CA",18070,37019,488128,Santa Rosa,CA,38.4404674,-122.7144314,101,
49180,"Winston-Salem, NC",20214,41936,482020,Winston,NC,36.1039642,-80.254435,40,
30460,"Lexington-Fayette, KY",20207,42165,479236,Lexington,KY,38.0405837,-84.5037164,"75,64",
22220,"Fayetteville-Springdale-Rogers, AR-MO",17202,36305,473819,Fayetteville,AR,36.0625795,-94.1574263,49,
44060,"Spokane, WA",16291,34387,473755,Spokane,WA,47.6587802,-117.4260466,90,
29620,"Lansing-East Lansing, MI",16825,36171,465152,Lansing,MI,42.732535,-84.5555347,1096,
37860,"Pensacola-Ferry Pass-Brent, FL",12425,27416,453203,Pensacola,FL,30.421309,-87.2169149,10,
47300,"Visalia-Porterville-Hanford-Corcoran, CA",13482,22357,603021,Visalia,CA,36.3302284,-119.2920585,5,5
44180,"Springfield, MO",13383,30406,440143,Springfield,MO,37.2089572,-93.2922989,44,
49620,"York-Hanover, PA",13297,30445,436755,York,PA,39.9625984,-76.727745,"83,30",
18580,"Corpus Christi, TX",16904,39186,431379,Corpus Christi,TX,27.8005828,-97.396381,"37,69",
39900,"Reno-Sparks, NV",17942,41764,429604,Reno,NV,39.5296329,-119.8138027,"395,80",
11700,"Asheville, NC",12535,29218,429016,Asheville,NC,35.5950581,-82.5514869,"40,23",
38940,"Port St. Lucie, FL",9617,22476,427879,Port St. Lucie,FL,27.2758333,-80.355,95,
42060,"Santa Barbara-Santa Maria-Goleta, CA",17865,41851,426872,Santa Barbara,CA,34.4208305,-119.6981901,101,
26620,"Huntsville, AL",19206,45140,425476,Huntsville,AL,34.7303688,-86.5861037,65,65
22420,"Flint, MI",10173,24101,422099,Flint,MI,43.0125274,-83.6874562,75,
41500,"Salinas, CA",14568,34530,421894,Salinas,CA,36.6777372,-121.6555013,101,
23060,"Fort Wayne, IN",16417,39139,419454,Fort Wayne,IN,41.079273,-85.1393513,1069,
46700,"Vallejo-Fairfield, CA",12136,29139,416486,Vallejo,CA,38.1040864,-122.2566367,"80,1029",
15180,"Brownsville-Harlingen, TX",7031,16978,414124,Brownsville,TX,25.9017472,-97.4974838,"69,2",
39740,"Reading, PA",12660,30669,412795,Reading,PA,40.3356483,-75.9268747,222,
33660,"Mobile, AL",14405,34914,412585,Mobile,AL,30.6943566,-88.0430541,"10,65",
28660,"Killeen-Temple-Fort Hood, TX",13723,33342,411583,Killeen,TX,31.1171194,-97.7277959,35,
15940,"Canton-Massillon, OH",11322,28033,403881,Canton,OH,40.7989473,-81.378447,1077,
43340,"Shreveport-Bossier City, LA",19426,48132,403598,Shreveport,LA,32.5251516,-93.7501789,20,
31700,"Manchester-Nashua, NH",20647,51399,401700,Manchester,NH,42.9956397,-71.4547891,89,
41420,"Salem, OR",10852,27483,394862,Salem,OR,44.9428975,-123.0350963,5,
13140,"Beaumont-Port Arthur, TX",17829,45654,390524,Beaumont,TX,30.080174,-94.1265562,10,
11260,"Anchorage, AK",24375,62901,387514,Anchorage,AK,61.2180556,-149.9002778,,
19340,"Davenport-Moline-Rock Island, IA-IL",15755,41316,381329,Davenport,IA,41.5236437,-90.5776367,"80,55",
37900,"Peoria, IL",17447,45966,379563,Peoria,IL,40.6936488,-89.5889864,55,
33860,"Montgomery, AL",12864,33976,378620,Montgomery,AL,32.3668052,-86.2999689,"65,85",
22180,"Fayetteville, NC",15462,41325,374156,Fayetteville,NC,35.0526641,-78.8783585,"95,87",
45220,"Tallahassee, FL",11619,31424,369749,Tallahassee,FL,30.4382559,-84.2807329,10,
48900,"Wilmington, NC",12534,33905,369680,Wilmington,NC,34.2257255,-77.9447102,"87,1017",
45940,"Trenton-Ewing, NJ",23400,63750,367059,Trenton,NJ,40.2170534,-74.7429384,95,
25860,"Hickory-Lenoir-Morganton, NC",10416,28571,364565,Hickory,NC,35.7331878,-81.3411974,"40,77",
21780,"Evansville, IN-KY",14302,39740,359889,Evansville,IN,37.9715592,-87.5710898,"64,1069",64
42340,"Savannah, GA",11560,32512,355561,Savannah,GA,32.0835407,-81.0998342,95,
21660,"Eugene-Springfield, OR",10787,30523,353406,Eugene,OR,44.0520691,-123.0867536,5,
40420,"Rockford, IL",11340,32553,348355,Rockford,IL,42.2711311,-89.0939952,"39,1090",
11460,"Ann Arbor, MI",16434,47228,347972,Ann Arbor,MI,42.2808256,-83.7430378,94,
36100,"Ocala, FL",6277,18877,332521,Ocala,FL,29.1871986,-82.1400923,75,
28020,"Kalamazoo-Portage, MI",10677,32531,328210,Kalamazoo,MI,42.2917069,-85.5872286,94,
34940,"Naples-Marco Island, FL",11687,35617,328130,Naples,FL,26.1420358,-81.7948103,75,
43780,"South Bend-Mishawaka, IN-MI",11072,34741,318701,South Bend,IN,41.6763545,-86.2519898,1090,
28700,"Kingsport-Bristol-Bristol, TN-VA",8764,28289,309802,Kingsport,TN,36.548434,-82.5618186,"81,23",
24580,"Green Bay, WI",13155,42508,309471,Green Bay,WI,44.519159,-88.019826,41,
40220,"Roanoke, VA",11548,37391,308844,Roanoke,VA,37.2709704,-79.9414266,81,
30700,"Lincoln, NE",12865,41973,306507,Lincoln,NE,40.806862,-96.681679,80,
22660,"Fort Collins-Loveland, CO",10847,35501,305541,Fort Collins,CO,40.5852602,-105.084423,"25,34",25
16620,"Charleston, WV",13060,43008,303664,Charleston,WV,38.3498195,-81.6326234,64,
17980,"Columbus, GA-AL",10895,36143,301441,Columbus,GA,32.4609764,-84.9877094,85,85
22900,"Fort Smith, AR-OK",8485,28276,300078,Fort Smith,AR,35.3859242,-94.3985475,"40,49",
14500,"Boulder, CO",17866,59676,299383,Boulder,CO,40.0149856,-105.2705456,25,25
46540,"Utica-Rome, NY",8017,26861,298462,Utica,NY,43.100903,-75.232664,1090,
31180,"Lubbock, TX",9189,31685,290011,Lubbock,TX,33.5778631,-101.8551665,27,
26580,"Huntington-Ashland, WV-KY-OH",8863,30819,287582,Huntington,WV,38.4192496,-82.445154,64,
43900,"Spartanburg, SC",9177,31991,286862,Spartanburg,SC,34.9495672,-81.9320482,85,
21500,"Erie, PA",8267,29420,280999,Erie,PA,42.1292241,-80.085059,1090,
20260,"Duluth, MN-WI",8483,30316,279819,Duluth,MN,46.7866719,-92.1004852,1035,
17300,"Clarksville, TN-KY",9648,34744,277688,Clarksville,TN,36.5297706,-87.3594528,1069,
29180,"Lafayette, LA",18248,65805,277304,Lafayette,LA,30.2240897,-92.0198427,10,
34820,"Myrtle Beach-North Myrtle Beach-Conway, SC",8551,30943,276347,Myrtle Beach,SC,33.6890603,-78.8866943,20,
12100,"Atlantic City-Hammonton, NJ",11298,41182,274343,Atlantic City,NJ,39.3642834,-74.4229266,76,76
35980,"Norwich-New London, CT",11311,41356,273503,Norwich,CT,41.5242649,-72.0759105,95,95
42020,"San Luis Obispo-Paso Robles, CA",9288,34149,271985,San Luis Obispo,CA,35.2827524,-120.6596156,101,
25180,"Hagerstown-Martinsburg, MD-WV",7180,26447,271486,Hagerstown,MD,39.6417629,-77.7199932,70,
23540,"Gainesville, FL",9012,33831,266383,Gainesville,FL,29.6516344,-82.3248262,75,
26100,"Holland-Grand Haven, MI",7856,29501,266296,Holland,MI,42.7875235,-86.1089301,1096,
42100,"Santa Cruz-Watsonville, CA",8174,30928,264291,Santa Cruz,CA,36.9741171,-122.0307963,101,
28420,"Kennewick-Pasco-Richland, WA",9375,35495,264122,Kennewick,WA,46.2112458,-119.1372338,82,
16300,"Cedar Rapids, IA",13348,51227,260566,Cedar Rapids,IA,41.9778795,-91.6656232,380,
32900,"Merced, CA",5132,19747,259888,Merced,CA,37.3021632,-120.4829677,5,5
24540,"Greeley, CO",6495,25111,258652,Greeley,CO,40.4233142,-104.7091322,34,25
36500,"Olympia, WA",7708,30041,256583,Olympia,WA,47.0378741,-122.9006951,5,
29700,"Laredo, TX",5694,22198,256510,Laredo,TX,27.506407,-99.5075421,"35,2",
14740,"Bremerton-Silverdale, WA",7719,30315,254626,Bremerton,WA,47.5673202,-122.6329356,16,
31340,"Lynchburg, VA",7440,29271,254176,Lynchburg,VA,37.4137536,-79.1422464,81,
11100,"Amarillo, TX",8815,34730,253815,Amarillo,TX,35.2219971,-101.8312969,"40,27",
25060,"Gulfport-Biloxi, MS",9065,35759,253503,Gulfport,MS,30.3674198,-89.0928155,10,
13780,"Binghamton, NY",7743,30964,250065,Binghamton,NY,42.0986867,-75.9179738,1081,
49420,"Yakima, WA",6435,26039,247129,Yakima,WA,46.6020711,-120.5058987,"90,82",90
47380,"Waco, TX",7712,32327,238562,Waco,TX,31.549333,-97.1466695,"35,6",
45820,"Topeka, KS",8124,34621,234655,Topeka,KS,39.0558235,-95.6890185,"70,35",
31420,"Macon, GA",6804,29211,232926,Macon,GA,32.8406946,-83.6324022,75,
43620,"Sioux Falls, SD",13974,60121,232431,Sioux Falls,SD,43.5499749,-96.700327,"29,90",
16580,"Champaign-Urbana, IL",7972,34311,232345,Champaign,IL,40.1164204,-88.2433829,72,
17780,"College Station-Bryan, TX",6169,26633,231630,College Station,TX,30.627977,-96.3344068,6,
11540,"Appleton, WI",8784,38628,227400,Appleton,WI,44.2619309,-88.4153847,41,
46220,"Tuscaloosa, AL",7414,33465,221545,Tuscaloosa,AL,33.2098407,-87.5691735,20,
17020,"Chico, CA",5298,24052,220273,Chico,CA,39.7284944,-121.8374777,5,5
30980,"Longview, TX",9356,43183,216659,Longview,TX,32.5007037,-94.7404891,20,
12700,"Barnstable Town, MA",7215,33440,215760,Barnstable Town,MA,41.7,-70.3,3,
29740,"Las Cruces, NM",5018,23492,213605,Las Cruces,NM,32.3199396,-106.7636538,"10,25",
46340,"Tyler, TX",8266,38740,213371,Tyler,TX,32.3512601,-95.3010624,20,
15540,"Burlington-South Burlington, VT",10040,47240,212532,Burlington,VT,44.4758825,-73.212072,89,
22020,"Fargo, ND-MN",10868,51223,212170,Fargo,ND,46.8771863,-96.7898034,"94,29",
39140,"Prescott, AZ",3708,17500,211886,Prescott,AZ,34.5400242,-112.4685025,17,17
44100,"Springfield, IL",8537,40355,211548,Springfield,IL,39.7817213,-89.6501481,"55,72",
26380,"Houma-Bayou Cane-Thibodaux, LA",9860,47271,208585,Houma,LA,29.5957696,-90.7195348,55,
22500,"Florence, SC",6086,29519,206172,Florence,SC,34.1954331,-79.7625625,"20,95",
32780,"Medford, OR",5444,26579,204823,Medford,OR,42.3265152,-122.8755949,5,
16820,"Charlottesville, VA",8691,42630,203871,Charlottesville,VA,38.0293059,-78.4766781,"64,81",
13380,"Bellingham, WA",8507,41771,203658,Bellingham,WA,48.7595529,-122.4882249,5,
29140,"Lafayette, IN",7242,35570,203599,Lafayette,IN,40.4167022,-86.8752869,1065,
29420,"Lake Havasu City-Kingman, AZ",3180,15716,202342,Lake Havasu City,AZ,34.483901,-114.3224548,40,
49740,"Yuma, AZ",4412,21966,200856,Yuma,AZ,32.6926512,-114.6276916,8,
29340,"Lake Charles, LA",12204,60769,200826,Lake Charles,LA,30.2265949,-93.2173758,10,
27740,"Johnson City, TN",5709,28570,199825,Johnson City,TN,36.3134397,-82.3534727,23,
40980,"Saginaw-Saginaw Township North, MI",6040,30336,199103,Saginaw,MI,43.4194699,-83.9508068,75,
21140,"Elkhart-Goshen, IN",8296,41699,198950,Elkhart,IN,41.6819935,-85.9766671,"1090,1069",
39540,"Racine, WI",5821,29790,195401,Racine,WI,42.7261309,-87.7828523,94,
14020,"Bloomington, IN",5402,27815,194212,Bloomington,IN,39.165325,-86.5263857,1069,
12020,"Athens-Clarke County, GA",5704,29506,193317,Athens,GA,33.95,-83.3833333,1078,
24780,"Greenville, NC",5721,29692,192678,Greenville,NC,35.612661,-77.3663538,1064,1064
41060,"St. Cloud, MN",6639,34939,190017,St. Cloud,MN,45.5579451,-94.1632404,94,
11340,"Anderson, SC",4106,21784,188487,Anderson,SC,34.5034394,-82.6501332,85,
40340,"Rochester, MN",8504,45325,187623,Rochester,MN,44.0234,-92.46295,"90,94",
18880,"Crestview-Fort Walton Beach-Destin, FL",8457,46089,183493,Crestview,FL,30.7541808,-86.5727995,10,
23580,"Gainesville, GA",5783,31591,183058,Gainesville,GA,34.2978794,-83.8240663,85,
28740,"Kingston, NY",4096,22449,182458,Kingston,NY,41.9270367,-73.9973608,1087,
27340,"Jacksonville, NC",7328,40773,179727,Jacksonville,NC,34.7540524,-77.4302414,1017,
39820,"Redding, CA",4355,24495,177791,Redding,CA,40.5865396,-122.3916754,5,
33740,"Monroe, LA",5656,31840,177638,Monroe,LA,32.5093109,-92.1193012,20,
20940,"El Centro, CA",3878,21904,177045,El Centro,CA,32.792,-115.5630514,8,
27900,"Joplin, MO",5153,29139,176842,Joplin,MO,37.0842271,-94.513281,"44,49",
17860,"Columbia, MO",5951,33845,175831,Columbia,MO,38.9517053,-92.3340724,70,
45460,"Terre Haute, IN",4975,28814,172659,Terre Haute,IN,39.4667034,-87.4139092,70,
34740,"Muskegon-Norton Shores, MI",4194,24484,171296,Muskegon,MI,43.2341813,-86.2483921,,
14060,"Bloomington-Normal, IL",8239,48309,170548,Bloomington,IL,40.4842027,-88.9936873,55,
37460,"Panama City-Lynn Haven-Panama City Beach, FL",5628,33134,169856,Panama City,FL,30.1588129,-85.6602058,,
47940,"Waterloo-Cedar Falls, IA",7404,43996,168288,Waterloo,IA,42.4927641,-92.3429631,,
36780,"Oshkosh-Neenah, WI",7051,42045,167701,Oshkosh,WI,44.0247062,-88.5426136,41,
49700,"Yuba City, CA",3958,23632,167485,Yuba City,CA,39.1404477,-121.6169108,,5
10180,"Abilene, TX",4831,29032,166403,Abilene,TX,32.4487364,-99.7331439,,
20100,"Dover, DE",5267,31954,164831,Dover,DE,39.158168,-75.5243682,,
37700,"Pascagoula, MS",5291,32501,162795,Pascagoula,MS,30.3657552,-88.5561272,10,
20740,"Eau Claire, WI",5763,35431,162654,Eau Claire,WI,44.811349,-91.4984941,,
13980,"Blacksburg-Christiansburg-Radford, VA",4358,26823,162473,Blacksburg,VA,37.2295733,-80.4139393,81,
37620,"Parkersburg-Marietta-Vienna, WV-OH",4778,29446,162263,Parkersburg,WV,39.2667418,-81.5615135,,
39380,"Pueblo, CO",3645,22702,160559,Pueblo,CO,38.2544472,-104.6091409,25,
39460,"Punta Gorda, FL",2863,17839,160491,Punta Gorda,FL,26.9297836,-82.0453664,75,
13460,"Bend, OR",5360,33431,160330,Bend,OR,44.0581728,-121.3153096,22,
13740,"Billings, MT",6424,40124,160104,Billings,MT,45.7832856,-108.5006904,"90,94",
27500,"Janesville, WI",4347,27152,160099,Janesville,WI,42.6827885,-89.0187222,39,
27100,"Jackson, MI",4225,26446,159760,Jackson,MI,42.245869,-84.4013462,94,
10500,"Albany, GA",4168,26429,157706,Albany,GA,31.5785074,-84.155741,,
47220,"Vineland-Millville-Bridgeton, NJ",4373,27839,157082,Vineland,NJ,39.4863773,-75.0259637,,
35660,"Niles-Benton Harbor, MI",4737,30185,156932,Niles,MI,41.8297694,-86.2541768,,
26980,"Iowa City, IA",6831,44104,154884,Iowa City,IA,41.6611277,-91.5301683,"380,80",
44300,"State College, PA",5486,35455,154731,State College,PA,40.7933949,-77.8600012,,
10780,"Alexandria, LA",4647,30079,154493,Alexandria,LA,31.3112936,-92.4451371,,
19460,"Decatur, AL",4118,26730,154059,Decatur,AL,34.6059253,-86.9833417,65,
12620,"Bangor, ME",4697,30545,153773,Bangor,ME,44.8011821,-68.7778138,95,
15500,"Burlington, NC",4127,26925,153278,Burlington,NC,36.0956918,-79.4377991,40,
31460,"Madera-Chowchilla, CA",3251,21258,152931,Madera,CA,36.9613356,-120.0607176,5,5
40580,"Rocky Mount, NC",5122,33663,152155,Rocky Mount,NC,35.9382103,-77.7905339,"95,1064",
33780,"Monroe, MI",3207,21159,151567,Monroe,MI,41.9164343,-83.3977101,,
27620,"Jefferson City, MO",5035,33460,150478,Jefferson City,MO,38.5767017,-92.1735164,,
48660,"Wichita Falls, TX",5118,34061,150260,Wichita Falls,TX,33.9137085,-98.4933873,,
22520,"Florence-Muscle Shoals, AL",3538,24021,147288,Florence,AL,34.79981,-87.677251,,
48540,"Wheeling, WV-OH",4709,31992,147193,Wheeling,WV,40.0639616,-80.7209149,70,
24300,"Grand Junction, CO",4396,29887,147087,Grand Junction,CO,39.0638705,-108.5506486,70,
20020,"Dothan, AL",3889,26534,146567,Dothan,AL,31.2232313,-85.3904888,,
42140,"Santa Fe, NM",5505,37797,145646,Santa Fe,NM,35.6869752,-105.937799,25,
25620,"Hattiesburg, MS",4331,29778,145443,Hattiesburg,MS,31.3271189,-89.2903392,,
43580,"Sioux City, IA-NE-SD",5334,37024,144069,Sioux City,IA,42.4999942,-96.4003069,,
47580,"Warner Robins, GA",4835,33596,143916,Warner Robins,GA,32.6086111,-83.6380556,75,
27780,"Johnstown, PA",3471,24149,143733,Johnstown,PA,40.3267407,-78.9219698,,
12220,"Auburn-Opelika, AL",3380,23562,143451,Auburn,AL,32.6098566,-85.4807825,,
19140,"Dalton, GA",4600,32225,142746,Dalton,GA,34.7698021,-84.9702228,75,
46660,"Valdosta, GA",3773,26515,142297,Valdosta,GA,30.8327022,-83.2784851,75,
41100,"St. George, UT",3133,22116,141662,St. George,UT,37.0952778,-113.5780556,15,
17660,"Coeur d'Alene, ID",3809,26989,141132,Coeur d'Alene,ID,47.6776832,-116.7804664,90,
33260,"Midland, TX",13404,95531,140310,Midland,TX,31.9973456,-102.0779146,,
36220,"Odessa, TX",6078,43381,140107,Odessa,TX,31.8456816,-102.3676431,,
42680,"Sebastian-Vero Beach, FL",3541,25492,138906,Sebastian,FL,27.816415,-80.4706078,95,
34900,"Napa, CA",5868,42492,138097,Napa,CA,38.2975381,-122.286865,1029,80
44220,"Springfield, OH",3086,22415,137676,Springfield,OH,39.9242266,-83.8088171,70,
34100,"Morristown, TN",3090,22473,137498,Morristown,TN,36.2139814,-83.2948922,81,
45500,"Texarkana, TX-AR",4016,29407,136566,Texarkana,TX,33.425125,-94.0476882,,
12980,"Battle Creek, MI",4133,30504,135490,Battle Creek,MI,42.3211522,-85.1797142,94,
22380,"Flagstaff, AZ",4198,31210,134508,Flagstaff,AZ,35.2013516,-111.639249,"17,40",
29100,"La Crosse, WI-MN",5028,37384,134496,La Crosse,WI,43.8013556,-91.2395807,94,
48140,"Wausau, WI",5069,37717,134396,Wausau,WI,44.9591352,-89.6301221,,
30140,"Lebanon, PA",3423,25482,134330,Lebanon,PA,40.3409251,-76.4113497,,
34060,"Morgantown, WV",5291,40005,132258,Morgantown,WV,39.629526,-79.9558968,70,
26820,"Idaho Falls, ID",3576,27078,132063,Idaho Falls,ID,43.4916514,-112.0339645,15,
11300,"Anderson, IN",2749,20947,131236,Anderson,IN,40.1053196,-85.6802541,,
38340,"Pittsfield, MA",4597,35241,130445,Pittsfield,MA,42.4500845,-73.2453824,,1090
31740,"Manhattan, KS",5499,42220,130246,Manhattan,KS,39.1836082,-96.5716694,70,
49020,"Winchester, VA-WV",4545,34941,130076,Winchester,VA,39.1856597,-78.1633341,,
24020,"Glens Falls, NY",3528,27347,129009,Glens Falls,NY,43.3095164,-73.6440058,1087,
39660,"Rapid City, SD",4460,34742,128375,Rapid City,SD,44.0805434,-103.2310149,90,
22140,"Farmington, NM",4945,38570,128208,Farmington,NM,36.7280583,-108.2186856,,
14540,"Bowling Green, KY",3902,30582,127591,Bowling Green,KY,36.9903199,-86.4436018,,
41140,"St. Joseph, MO-KS",3981,31205,127576,St. Joseph,MO,39.757944,-94.836541,29,
30860,"Logan, UT-ID",3253,25503,127554,Logan,UT,41.7369803,-111.8338359,,15
11020,"Altoona, PA",3682,28969,127101,Altoona,PA,40.5186809,-78.3947359,,
25500,"Harrisonburg, VA",5513,43560,126561,Harrisonburg,VA,38.4495688,-78.8689155,,64
30020,"Lawton, OK",4154,33019,125806,Lawton,OK,34.6035669,-98.3959291,,
41540,"Salisbury, MD",3616,28806,125529,Salisbury,MD,38.3606736,-75.5993692,,
24140,"Goldsboro, NC",3555,28740,123695,Goldsboro,NC,35.3848841,-77.9927651,,95
31900,"Mansfield, OH",3200,25911,123500,Mansfield,OH,40.75839,-82.5154471,,
44600,"Steubenville-Weirton, OH-WV",2814,22835,123232,Steubenville,OH,40.3697905,-80.6339638,,
27860,"Jonesboro, AR",3747,30503,122840,Jonesboro,AR,35.8422967,-90.704279,,
21060,"Elizabethtown, KY",4860,39915,121759,Elizabethtown,KY,37.7030646,-85.8649408,,
43300,"Sherman-Denison, TX",3324,27375,121425,Sherman,TX,33.6356618,-96.6088805,,
34580,"Mount Vernon-Anacortes, WA",5035,42627,118118,Mount Vernon,WA,48.421216,-122.3340474,5,
11500,"Anniston-Oxford, AL",3196,27133,117790,Anniston,AL,33.6598257,-85.8316318,20,
34620,"Muncie, IN",3017,25639,117672,Muncie,IN,40.1933767,-85.3863599,,
17420,"Cleveland, TN",3064,26228,116822,Cleveland,TN,35.1595182,-84.8766115,75,
48700,"Williamsport, PA",3611,30927,116759,Williamsport,PA,41.2411897,-77.0010786,,
47020,"Victoria, TX",5136,44185,116239,Victoria,TX,28.8052674,-97.0035982,,
27180,"Jackson, TN",4188,36291,115401,Jackson,TN,35.6145169,-88.8139469,40,
36980,"Owensboro, KY",3844,33331,115328,Owensboro,KY,37.7719074,-87.1111676,,
43100,"Sheboygan, WI",4544,39461,115152,Sheboygan,WI,43.7508284,-87.71453,,41
28100,"Kankakee-Bradley, IL",2759,24266,113698,Kankakee,IL,41.1200325,-87.8611531,,
41660,"San Angelo, TX",3468,30567,113456,San Angelo,TX,31.4637723,-100.4370375,,
15260,"Brunswick, GA",2812,24898,112941,Brunswick,GA,31.1499528,-81.4914894,95,
48300,"Wenatchee-East Wenatchee, WA",3107,27631,112446,Wenatchee,WA,47.4234599,-120.3103494,,90
29940,"Lawrence, KS",3083,27471,112227,Lawrence,KS,38.9716689,-95.2352501,70,
33140,"Michigan City-La Porte, IN",3124,28054,111357,Michigan City,IN,41.7075394,-86.8950297,"1090,94,1096",
13900,"Bismarck, ND",4634,41789,110890,Bismarck,ND,46.8083268,-100.7837392,94,
19500,"Decatur, IL",4808,43419,110735,Decatur,IL,39.8403147,-88.9548001,72,
33540,"Missoula, MT",3849,34945,110145,Missoula,MT,46.8605189,-114.019501,90,
44940,"Sumter, SC",2779,25861,107459,Sumter,SC,33.9204354,-80.3414693,,
30340,"Lewiston-Auburn, ME",3305,30776,107389,Lewiston,ME,44.100351,-70.2147764,95,
13020,"Bay City, MI",2533,23645,107126,Bay City,MI,43.5944677,-83.8888647,75,
30620,"Lima, OH",3992,37627,106094,Lima,OH,40.742551,-84.1052256,75,
19260,"Danville, VA",2577,24382,105693,Danville,VA,36.5859718,-79.3950228,,
23460,"Gadsden, AL",2279,21845,104326,Gadsden,AL,34.014264,-86.0066386,,
19060,"Cumberland, MD-WV",2358,22916,102898,Cumberland,MD,39.6528654,-78.7625185,,
31020,"Longview, WA",2638,25742,102478,Longview,WA,46.1381676,-122.9381672,5,
22540,"Fond du Lac, WI",3262,31960,102065,Fond du Lac,WI,43.7730448,-88.4470508,41,
27060,"Ithaca, NY",3284,32282,101729,Ithaca,NY,42.4439614,-76.5018807,,
21820,"Fairbanks, AK",4355,43904,99194,Fairbanks,AK,64.8377778,-147.7163889,,
38220,"Pine Bluff, AR",2623,26514,98929,Pine Bluff,AR,34.2284312,-92.0031955,,
29020,"Kokomo, IN",3372,34205,98582,Kokomo,IN,40.486427,-86.1336033,,
24220,"Grand Forks, ND-MN",3551,36215,98053,Grand Forks,ND,47.9252568,-97.0328547,29,
37380,"Palm Coast, FL",1101,11311,97339,Palm Coast,FL,29.5849736,-81.2078411,95,
31860,"Mankato-North Mankato, MN",3505,36059,97202,Mankato,MN,44.1635775,-93.9993996,,"35,90"
26300,"Hot Springs, AR",2373,24435,97115,Hot Springs,AR,34.5037004,-93.0551795,,
16020,"Cape Girardeau-Jackson, MO-IL",3052,31457,97021,Cape Girardeau,MO,37.3058839,-89.5181476,55,
36140,"Ocean City, NJ",3506,36295,96597,Ocean City,NJ,39.2776156,-74.5746001,,
40660,"Rome, GA",2731,28446,96006,Rome,GA,34.257038,-85.1646726,,
20220,"Dubuque, IA",4276,45175,94654,Dubuque,IA,42.5005583,-90.6645718,,
16940,"Cheyenne, WY",4354,46974,92690,Cheyenne,WY,41.1399814,-104.8202462,"80,25",
38540,"Pocatello, ID",2449,26773,91473,Pocatello,ID,42.8713032,-112.4455344,15,
11180,"Ames, IA",3613,40297,89659,Ames,IA,42.02335,-93.625622,,
21300,"Elmira, NY",2605,29324,88835,Elmira,NY,42.0897965,-76.8077338,,
18700,"Corvallis, OR",5743,66835,85928,Corvallis,OR,44.5645659,-123.2620435,"5,22",
24500,"Great Falls, MT",2644,32314,81822,Great Falls,MT,47.50806,-111.295197,15,
19180,"Danville, IL",2102,25790,81504,Danville,IL,40.124481,-87.6300207,72,
25980,"Hinesville-Fort Stewart, GA",3242,40225,80597,Hinesville,GA,31.846877,-81.5959453,,95
18020,"Columbus, IN",4134,53082,77880,Columbus,IN,39.2014404,-85.9213796,,
41780,"Sandusky, OH",2672,34812,76755,Sandusky,OH,41.4489396,-82.7079605,1090,
16220,"Casper, WY",5995,78510,76360,Casper,WY,42.866632,-106.313081,,
30300,"Lewiston, ID-WA",1733,28187,61482,Lewiston,ID,46.4004089,-117.0011889,,
16180,"Carson City, NV",2378,42897,55435,Carson City,NV,39.1637984,-119.7674034,,
35600,"Helena-Butte, MT",2099,19116,109802,Helena,MT,46.598624,-112.0271,"15,90",
37775,"Lake City, FL",1221,18083,67531,Lake City,FL,30.1833,-82.6333,"10,75",
99999,"Montreal, Canada",148000,38700,3824221,Montreal,Canada,45.5,-73.5667,"1087,89",
99998,"Toronto, Canada",253000,45315,5583064,Toronto,Canada,43.7,-79.4,405,
99997,"Winnipeg, Canada",33766,46253,730018,Winnipeg,Canada,49.8994,-97.1392,29,
